-- phpMyAdmin SQL Dump
-- version 3.5.5
-- http://www.phpmyadmin.net
--
-- Host: localhost
-- Czas wygenerowania: 12 Gru 2014, 12:00
-- Wersja serwera: 5.5.21-log
-- Wersja PHP: 5.4.10

SET SQL_MODE="NO_AUTO_VALUE_ON_ZERO";
SET time_zone = "+00:00";


/*!40101 SET @OLD_CHARACTER_SET_CLIENT=@@CHARACTER_SET_CLIENT */;
/*!40101 SET @OLD_CHARACTER_SET_RESULTS=@@CHARACTER_SET_RESULTS */;
/*!40101 SET @OLD_COLLATION_CONNECTION=@@COLLATION_CONNECTION */;
/*!40101 SET NAMES utf8 */;

--
-- Baza danych: `magicznydom`
--

-- --------------------------------------------------------

--
-- Struktura tabeli dla tabeli `comments`
--

DROP TABLE IF EXISTS `comments`;
CREATE TABLE IF NOT EXISTS `comments` (
  `id` bigint(11) NOT NULL AUTO_INCREMENT,
  `id_recipe` bigint(11) DEFAULT NULL,
  `userName` varchar(50) COLLATE utf8_polish_ci DEFAULT NULL,
  `comment` longtext COLLATE utf8_polish_ci,
  `created` timestamp NOT NULL DEFAULT CURRENT_TIMESTAMP ON UPDATE CURRENT_TIMESTAMP,
  `plus` bigint(50) NOT NULL,
  `minus` bigint(50) NOT NULL,
  PRIMARY KEY (`id`),
  KEY `id` (`id`),
  KEY `id_recipe` (`id_recipe`),
  KEY `id_user` (`userName`)
) ENGINE=InnoDB  DEFAULT CHARSET=utf8 COLLATE=utf8_polish_ci AUTO_INCREMENT=58 ;

--
-- Zrzut danych tabeli `comments`
--

INSERT INTO `comments` (`id`, `id_recipe`, `userName`, `comment`, `created`, `plus`, `minus`) VALUES
(25, 10, NULL, '1', '2014-12-12 09:15:01', 0, 0),
(26, 1, NULL, '2', '2014-12-12 10:46:01', 0, 0),
(27, 6, NULL, '3', '2014-12-12 10:46:03', 0, 0),
(28, 8, NULL, '4', '2014-12-12 10:46:06', 0, 0),
(29, 3, NULL, '5', '2014-12-12 10:46:08', 0, 0),
(30, 9, NULL, '6', '2014-12-12 10:46:13', 0, 0),
(31, 9, NULL, '7', '2014-12-12 10:52:42', 0, 0),
(32, 9, NULL, '8', '2014-12-12 10:54:02', 0, 0),
(33, 9, NULL, '9', '2014-12-12 10:54:05', 0, 0),
(34, 9, NULL, '10', '2014-12-12 10:54:07', 0, 0),
(35, 9, NULL, '11', '2014-12-12 10:54:10', 0, 0),
(36, 9, NULL, '12', '2014-12-12 10:54:28', 0, 0),
(37, 9, NULL, '13', '2014-12-12 10:54:31', 0, 0),
(38, 9, NULL, '14', '2014-12-12 10:54:38', 0, 0),
(39, 9, NULL, '15', '2014-12-12 10:54:45', 0, 0),
(40, 9, NULL, '16', '2014-12-12 10:54:48', 0, 0),
(41, 10, NULL, '17', '2014-12-12 09:15:40', 0, 0),
(42, 10, NULL, '18', '2014-12-12 09:42:57', 0, 0),
(43, 10, NULL, '19', '2014-12-12 09:42:59', 0, 0),
(44, 10, NULL, '20', '2014-12-12 09:43:01', 0, 0),
(45, 10, NULL, '21', '2014-12-12 09:43:03', 0, 0),
(46, 10, NULL, '22', '2014-12-12 10:16:20', 0, 0),
(47, 10, NULL, '23', '2014-12-12 10:16:23', 0, 0),
(48, 10, NULL, '24', '2014-12-12 10:16:24', 0, 0),
(49, 10, NULL, '25', '2014-12-12 10:16:26', 0, 0),
(50, 10, NULL, '26', '2014-12-12 10:16:29', 0, 0),
(51, 10, NULL, '27', '2014-12-12 10:16:30', 0, 0),
(52, 10, NULL, '28', '2014-12-12 10:16:32', 0, 0),
(53, 10, NULL, '29', '2014-12-12 10:16:35', 0, 0),
(54, 10, NULL, '30', '2014-12-12 10:16:37', 0, 0),
(55, 10, NULL, '31', '2014-12-12 10:16:39', 0, 0),
(56, 10, NULL, '32', '2014-12-12 10:16:40', 0, 0),
(57, 10, NULL, '33', '2014-12-12 10:16:42', 0, 0);

-- --------------------------------------------------------

--
-- Struktura tabeli dla tabeli `recipe`
--

DROP TABLE IF EXISTS `recipe`;
CREATE TABLE IF NOT EXISTS `recipe` (
  `id` bigint(11) NOT NULL AUTO_INCREMENT,
  `category` varchar(50) COLLATE utf8_polish_ci NOT NULL,
  `autor` varchar(50) COLLATE utf8_polish_ci NOT NULL,
  `autor_id` bigint(11) NOT NULL,
  `title` varchar(50) COLLATE utf8_polish_ci NOT NULL,
  `recipe` longtext COLLATE utf8_polish_ci NOT NULL,
  `created` datetime NOT NULL,
  `updated` datetime NOT NULL,
  `edited` tinyint(1) NOT NULL,
  `hits` bigint(22) NOT NULL,
  PRIMARY KEY (`id`),
  KEY `autor_id` (`autor_id`),
  KEY `autor` (`autor`)
) ENGINE=InnoDB  DEFAULT CHARSET=utf8 COLLATE=utf8_polish_ci AUTO_INCREMENT=11 ;

--
-- Zrzut danych tabeli `recipe`
--

INSERT INTO `recipe` (`id`, `category`, `autor`, `autor_id`, `title`, `recipe`, `created`, `updated`, `edited`, `hits`) VALUES
(1, 'Ciasta', 'Kamila Łucyk', 1, 'Szarlotka pod chmurką z różową rosą', '<div class="separator" style="font-family: Georgia, Utopia, ''Palatino Linotype'', Palatino, serif; line-height: 21.7350006103516px; clear: both; text-align: center; "><a href="http://4.bp.blogspot.com/-l4c-aIMp2tQ/VCrnDj0zorI/AAAAAAAACqs/dYyzt07Jiu0/s1600/IMG_0740.JPG" imageanchor="1" style="color: rgb(170, 0, 51); margin-left: 1em; margin-right: 1em;"><img border="0" src="http://4.bp.blogspot.com/-l4c-aIMp2tQ/VCrnDj0zorI/AAAAAAAACqs/dYyzt07Jiu0/s1600/IMG_0740.JPG" height="426" width="640" style="border-style: none; position: relative; padding: 8px; -webkit-box-shadow: rgba(0, 0, 0, 0.498039) 1px 1px 5px; box-shadow: rgba(0, 0, 0, 0.498039) 1px 1px 5px; background: rgb(255, 255, 255);"></a></div><p><br style="font-family: Georgia, Utopia, ''Palatino Linotype'', Palatino, serif; line-height: 21.7350006103516px; "></p><div style="font-family: Georgia, Utopia, ''Palatino Linotype'', Palatino, serif; line-height: 21.7350006103516px; text-align: center; ">Jedną wersję tego ciasta (podobną), mam już za sobą.&nbsp;<a href="http://kamira90.blogspot.com/2012/10/piankowa-szarlotka.html" target="_blank" style="color: rgb(170, 0, 51);">Piankowa Szarlotka</a>&nbsp;. Teraz czas na nową, nieco odnowioną i myślę ,że równie smakowitą :)</div><p><br style="font-family: Georgia, Utopia, ''Palatino Linotype'', Palatino, serif; line-height: 21.7350006103516px; "></p><div style="font-family: Georgia, Utopia, ''Palatino Linotype'', Palatino, serif; line-height: 21.7350006103516px; text-align: center; "><b>Składniki:</b></div><p><br style="font-family: Georgia, Utopia, ''Palatino Linotype'', Palatino, serif; line-height: 21.7350006103516px; "><b style="font-family: Georgia, Utopia, ''Palatino Linotype'', Palatino, serif; line-height: 21.7350006103516px; ">Ciasto:</b><br style="font-family: Georgia, Utopia, ''Palatino Linotype'', Palatino, serif; line-height: 21.7350006103516px; "><br style="font-family: Georgia, Utopia, ''Palatino Linotype'', Palatino, serif; line-height: 21.7350006103516px; "></p><ul style="padding: 0px 2.5em; margin: 0.5em 0px; line-height: 1.4; list-style-position: initial; list-style-image: initial; font-family: Georgia, Utopia, ''Palatino Linotype'', Palatino, serif; "><li style="padding: 0px; margin: 0px 0px 0.25em; border: none;">300 g mąki pszennej</li><li style="padding: 0px; margin: 0px 0px 0.25em; border: none;">100 g masła/dobrej margaryny</li><li style="padding: 0px; margin: 0px 0px 0.25em; border: none;">1 jajko</li><li style="padding: 0px; margin: 0px 0px 0.25em; border: none;">3 łyżki cukru</li><li style="padding: 0px; margin: 0px 0px 0.25em; border: none;">2 łyżeczki proszku do pieczenia</li><li style="padding: 0px; margin: 0px 0px 0.25em; border: none;">3 łyżki kwaśnej śmietany</li></ul><div style="font-family: Georgia, Utopia, ''Palatino Linotype'', Palatino, serif; line-height: 21.7350006103516px; "><b>Masa Jabłkowa</b></div><div style="font-family: Georgia, Utopia, ''Palatino Linotype'', Palatino, serif; line-height: 21.7350006103516px; "><ul style="padding: 0px 2.5em; margin: 0.5em 0px; line-height: 1.4; list-style-position: initial; list-style-image: initial;"><li style="padding: 0px; margin: 0px 0px 0.25em; border: none;">1,5 kg jabłek</li><li style="padding: 0px; margin: 0px 0px 0.25em; border: none;">2 łyżki bułki tartej</li><li style="padding: 0px; margin: 0px 0px 0.25em; border: none;">3 łyżki cytryny</li><li style="padding: 0px; margin: 0px 0px 0.25em; border: none;">cukier waniliowy</li><li style="padding: 0px; margin: 0px 0px 0.25em; border: none;">cynamon wedle uznania&nbsp;</li></ul><div><b>Pianka</b></div></div><div style="font-family: Georgia, Utopia, ''Palatino Linotype'', Palatino, serif; line-height: 21.7350006103516px; "><ul style="padding: 0px 2.5em; margin: 0.5em 0px; line-height: 1.4; list-style-position: initial; list-style-image: initial;"><li style="padding: 0px; margin: 0px 0px 0.25em; border: none;">1 kisiel wiśniowy</li><li style="padding: 0px; margin: 0px 0px 0.25em; border: none;">3-4 białka</li><li style="padding: 0px; margin: 0px 0px 0.25em; border: none;">3/4 szklanki cukru</li></ul><div><br></div></div><div style="font-family: Georgia, Utopia, ''Palatino Linotype'', Palatino, serif; line-height: 21.7350006103516px; "><b>Wykonanie</b>: Składniki na ciasto należy połączyć razem i wyrobić ciasto, które wykładamy na kwadratową blaszkę - ciasto będzie wyższe. Można też ciasto wyłożyć na podlużną blachę, co spowoduje mały spadek wysokości ;)</div><div style="font-family: Georgia, Utopia, ''Palatino Linotype'', Palatino, serif; line-height: 21.7350006103516px; ">Jabłka obieramy i ścieramy na tarce. Kropimy cytryną i dodajemy do nich wymione składniki. Wszystko mieszamy i wykładamy masę na ciasto. Jeżeli jest za dużo soku należy go nieco odcisnąć.</div><div style="font-family: Georgia, Utopia, ''Palatino Linotype'', Palatino, serif; line-height: 21.7350006103516px; ">Ciasto pieczemy przez 30-40 minut w temp. 170*C-180*C</div><div style="font-family: Georgia, Utopia, ''Palatino Linotype'', Palatino, serif; line-height: 21.7350006103516px; ">Po upieczeniu ubijamy białka z cukrem, następnie miksując dodajemy kisiel. Gdy proszek się połączy z ubitą pianą, wylewamy ją na podpieczone ciasto z jablkami i wkładamy raz jeszcze do piekarnika na około 15 minut w 160*C</div><div style="font-family: Georgia, Utopia, ''Palatino Linotype'', Palatino, serif; line-height: 21.7350006103516px; "><br></div><div style="font-family: Georgia, Utopia, ''Palatino Linotype'', Palatino, serif; line-height: 21.7350006103516px; ">No i cóż... Smacznego ;)</div><div style="font-family: Georgia, Utopia, ''Palatino Linotype'', Palatino, serif; line-height: 21.7350006103516px; "><br></div><div class="separator" style="font-family: Georgia, Utopia, ''Palatino Linotype'', Palatino, serif; line-height: 21.7350006103516px; clear: both; text-align: center; "><a href="http://1.bp.blogspot.com/-SSMxXYH-na0/VCrsfoLulqI/AAAAAAAACq8/HzSNl1LyxzU/s1600/IMG_0749.JPG" imageanchor="1" style="color: rgb(170, 0, 51); margin-left: 1em; margin-right: 1em;"><img border="0" src="http://1.bp.blogspot.com/-SSMxXYH-na0/VCrsfoLulqI/AAAAAAAACq8/HzSNl1LyxzU/s1600/IMG_0749.JPG" height="640" width="426" style="border-style: none; position: relative; padding: 8px; -webkit-box-shadow: rgba(0, 0, 0, 0.498039) 1px 1px 5px; box-shadow: rgba(0, 0, 0, 0.498039) 1px 1px 5px; background: rgb(255, 255, 255);"></a></div>', '2014-11-12 00:00:00', '2014-11-12 00:00:00', 0, 0),
(3, 'Konkursy', 'Kamila Łucyk', 1, 'Orzechowy twarożek na krakersach', '<div class="separator" style="font-family: Georgia, Utopia, ''Palatino Linotype'', Palatino, serif; line-height: 21.7350006103516px; clear: both; text-align: center; "><a href="http://4.bp.blogspot.com/-L56tmsvqnrs/VBSZp7gk41I/AAAAAAAACpI/o6xbHro0Q24/s1600/_MG_0387.JPG" imageanchor="1" style="color: rgb(170, 0, 51); margin-left: 1em; margin-right: 1em;"><img border="0" src="http://4.bp.blogspot.com/-L56tmsvqnrs/VBSZp7gk41I/AAAAAAAACpI/o6xbHro0Q24/s1600/_MG_0387.JPG" height="640" width="426" style="border-style: none; position: relative; padding: 8px; -webkit-box-shadow: rgba(0, 0, 0, 0.498039) 1px 1px 5px; box-shadow: rgba(0, 0, 0, 0.498039) 1px 1px 5px; background: rgb(255, 255, 255);"></a></div><div class="separator" style="font-family: Georgia, Utopia, ''Palatino Linotype'', Palatino, serif; line-height: 21.7350006103516px; clear: both; text-align: center; "><br></div><div class="separator" style="font-family: Georgia, Utopia, ''Palatino Linotype'', Palatino, serif; line-height: 21.7350006103516px; clear: both; text-align: center; "><br></div><div class="separator" style="font-family: Georgia, Utopia, ''Palatino Linotype'', Palatino, serif; line-height: 21.7350006103516px; clear: both; text-align: center; "><br></div><div class="separator" style="font-family: Georgia, Utopia, ''Palatino Linotype'', Palatino, serif; line-height: 21.7350006103516px; clear: both; text-align: center; ">Mam dla was szybki i pyszny przepis!</div><div class="separator" style="font-family: Georgia, Utopia, ''Palatino Linotype'', Palatino, serif; line-height: 21.7350006103516px; clear: both; text-align: center; ">Lekki twarożem z dodatkiem wspaniałych smażonych/solonych orzeszków ziemnnych Feliks! A to wszystko na kruchych krakersach - dając nam tym samym idealną prząskę &nbsp;w sam raz na popludniową przerwę między obiadem a kolacją.&nbsp;</div><div class="separator" style="font-family: Georgia, Utopia, ''Palatino Linotype'', Palatino, serif; line-height: 21.7350006103516px; clear: both; text-align: center; "><br></div><div class="separator" style="font-family: Georgia, Utopia, ''Palatino Linotype'', Palatino, serif; line-height: 21.7350006103516px; clear: both; text-align: center; "><b>Składniki:</b></div><div class="separator" style="font-family: Georgia, Utopia, ''Palatino Linotype'', Palatino, serif; line-height: 21.7350006103516px; clear: both; text-align: center; "></div><ul style="padding: 0px 2.5em; margin: 0.5em 0px; line-height: 1.4; list-style-position: initial; list-style-image: initial; font-family: Georgia, Utopia, ''Palatino Linotype'', Palatino, serif; "><li style="padding: 0px; margin: 0px 0px 0.25em; border: none; text-align: left;">1 garść zmiksowanych lub posiekanych słonych orzeszków ziemnych firmy feliks</li><li style="padding: 0px; margin: 0px 0px 0.25em; border: none; text-align: left;">250 gr białego serka twarożka</li><li style="padding: 0px; margin: 0px 0px 0.25em; border: none; text-align: left;">2/3 łyżki stołowe jogurtu naturalnego</li><li style="padding: 0px; margin: 0px 0px 0.25em; border: none; text-align: left;">pieprz. optymalnie sól</li><li style="padding: 0px; margin: 0px 0px 0.25em; border: none; text-align: left;">paczka słonych krakersów / grzanka</li></ul><div style="font-family: Georgia, Utopia, ''Palatino Linotype'', Palatino, serif; line-height: 21.7350006103516px; "><b><br></b></div><div class="separator" style="font-family: Georgia, Utopia, ''Palatino Linotype'', Palatino, serif; line-height: 21.7350006103516px; clear: both; text-align: center; "><a href="http://1.bp.blogspot.com/-p4IQbt-ui-g/VBSdoOS2rqI/AAAAAAAACpU/oQaQFCLl-Mc/s1600/_MG_0407.JPG" imageanchor="1" style="color: rgb(170, 0, 51); margin-left: 1em; margin-right: 1em;"><img border="0" src="http://1.bp.blogspot.com/-p4IQbt-ui-g/VBSdoOS2rqI/AAAAAAAACpU/oQaQFCLl-Mc/s1600/_MG_0407.JPG" height="424" width="640" style="border-style: none; position: relative; padding: 8px; -webkit-box-shadow: rgba(0, 0, 0, 0.498039) 1px 1px 5px; box-shadow: rgba(0, 0, 0, 0.498039) 1px 1px 5px; background: rgb(255, 255, 255);"></a></div><div style="font-family: Georgia, Utopia, ''Palatino Linotype'', Palatino, serif; line-height: 21.7350006103516px; "><b><br></b></div><div style="font-family: Georgia, Utopia, ''Palatino Linotype'', Palatino, serif; line-height: 21.7350006103516px; "><b>Wykonanie: &nbsp;</b>Same przygotowanie przekąski jest banalnie proste :) blendujemy garść orzeszków. Następnie do miseczki wrzucamy nasz ser, jogurt, zmiksowane orzeszki i przyprawy, które na dobrą sprawę możemy dobrać według gustu. Ja natomiast wybrałam klasykę jaka jest pieprz i sól :) należy jednak nie przesadzać z solą ponieważ nasze wspaniałe orzechy są już nieco słonawe jak i krakersy, które możemy zastąpić również zwykłymi grzankami. Kiedy wymieszamy dokładnie nasz orzechowy serek nakładamy go na krakersy :) i cieszymy się lekką, pyszną i szybką przekąskę :)</div><div style="font-family: Georgia, Utopia, ''Palatino Linotype'', Palatino, serif; line-height: 21.7350006103516px; "><br></div><p><br style="font-family: Georgia, Utopia, ''Palatino Linotype'', Palatino, serif; line-height: 21.7350006103516px; "></p><div class="separator" style="font-family: Georgia, Utopia, ''Palatino Linotype'', Palatino, serif; line-height: 21.7350006103516px; clear: both; text-align: center; "><a href="http://2.bp.blogspot.com/-FAjjpeJfzKY/VBSdrOHn2rI/AAAAAAAACpc/g-C_D-Wh85s/s1600/IMG_0373.JPG" imageanchor="1" style="color: rgb(170, 0, 51); margin-left: 1em; margin-right: 1em;"><img border="0" src="http://2.bp.blogspot.com/-FAjjpeJfzKY/VBSdrOHn2rI/AAAAAAAACpc/g-C_D-Wh85s/s1600/IMG_0373.JPG" height="426" width="640" style="border-style: none; position: relative; padding: 8px; -webkit-box-shadow: rgba(0, 0, 0, 0.498039) 1px 1px 5px; box-shadow: rgba(0, 0, 0, 0.498039) 1px 1px 5px; background: rgb(255, 255, 255);"></a></div><div style="font-family: Georgia, Utopia, ''Palatino Linotype'', Palatino, serif; line-height: 21.7350006103516px; "><br></div><div style="font-family: Georgia, Utopia, ''Palatino Linotype'', Palatino, serif; line-height: 21.7350006103516px; "><br></div><div style="font-family: Georgia, Utopia, ''Palatino Linotype'', Palatino, serif; line-height: 21.7350006103516px; ">Zapraszam wszystkich do zabawy w konkursie &nbsp;i witam ponownie :)</div>', '2014-11-27 00:00:01', '2014-11-27 00:00:01', 0, 0),
(6, 'Ciasta', 'Kamila Łucyk', 1, 'Sernik Wiedeński', '<div class="separator" style="font-family: Georgia, Utopia, ''Palatino Linotype'', Palatino, serif; line-height: 21.7350006103516px; clear: both; text-align: center; "><a href="http://1.bp.blogspot.com/-W6UF2y4ZoTQ/VBW8zlInIgI/AAAAAAAACqE/2sICC2leO7A/s1600/IMG_0412.JPG" imageanchor="1" style="color: rgb(170, 0, 51); margin-left: 1em; margin-right: 1em;"><img border="0" src="http://1.bp.blogspot.com/-W6UF2y4ZoTQ/VBW8zlInIgI/AAAAAAAACqE/2sICC2leO7A/s1600/IMG_0412.JPG" height="426" width="640" style="border-style: none; position: relative; padding: 8px; -webkit-box-shadow: rgba(0, 0, 0, 0.498039) 1px 1px 5px; box-shadow: rgba(0, 0, 0, 0.498039) 1px 1px 5px; background: rgb(255, 255, 255);"></a></div><div class="separator" style="font-family: Georgia, Utopia, ''Palatino Linotype'', Palatino, serif; line-height: 21.7350006103516px; clear: both; text-align: center; "><br></div><div class="separator" style="font-family: Georgia, Utopia, ''Palatino Linotype'', Palatino, serif; line-height: 21.7350006103516px; clear: both; text-align: center; ">Nie wiem nawet kiedy, ale pokochałam serniki :) co prawda nadal wole je bez rodzynek, co nie zmienia faktu ,że jeżeli je ktoś lubi to dlaczego by ich nie dodać ?</div><div class="separator" style="font-family: Georgia, Utopia, ''Palatino Linotype'', Palatino, serif; line-height: 21.7350006103516px; clear: both; text-align: center; "><br></div><div class="separator" style="font-family: Georgia, Utopia, ''Palatino Linotype'', Palatino, serif; line-height: 21.7350006103516px; clear: both; text-align: center; ">Mam dla was jeszcze cieplutki przepis na Sernik Wiedeński ! Prosty i pyszny.</div><div class="separator" style="font-family: Georgia, Utopia, ''Palatino Linotype'', Palatino, serif; line-height: 21.7350006103516px; clear: both; text-align: center; "><br></div><div class="separator" style="font-family: Georgia, Utopia, ''Palatino Linotype'', Palatino, serif; line-height: 21.7350006103516px; clear: both; text-align: center; "><b>Składniki:</b></div><div class="separator" style="font-family: Georgia, Utopia, ''Palatino Linotype'', Palatino, serif; line-height: 21.7350006103516px; clear: both; "></div><ul style="padding: 0px 2.5em; margin: 0.5em 0px; line-height: 1.4; list-style-position: initial; list-style-image: initial; font-family: Georgia, Utopia, ''Palatino Linotype'', Palatino, serif; "><li style="padding: 0px; margin: 0px 0px 0.25em; border: none;">1 kg zimelonego sera / 1 kg sera w wiaderku</li><li style="padding: 0px; margin: 0px 0px 0.25em; border: none;">1 budyń waniliowy</li><li style="padding: 0px; margin: 0px 0px 0.25em; border: none;">1 cukier waniliowy</li><li style="padding: 0px; margin: 0px 0px 0.25em; border: none;">1 szklanka cukru</li><li style="padding: 0px; margin: 0px 0px 0.25em; border: none;">kilka kropel aromatu waniliowego (według gustu)</li><li style="padding: 0px; margin: 0px 0px 0.25em; border: none;">8 jajek</li><li style="padding: 0px; margin: 0px 0px 0.25em; border: none;">125 g miękkiego (koniecznie) masła</li><li style="padding: 0px; margin: 0px 0px 0.25em; border: none;">bulka tarta do posypania</li></ul><p><br style="font-family: Georgia, Utopia, ''Palatino Linotype'', Palatino, serif; line-height: 21.7350006103516px; "><b style="font-family: Georgia, Utopia, ''Palatino Linotype'', Palatino, serif; line-height: 21.7350006103516px; ">&nbsp;Wykonanie:&nbsp;</b><span style="font-family: Georgia, Utopia, ''Palatino Linotype'', Palatino, serif; line-height: 21.7350006103516px; ">Oddzielamy żółtka od białek. Żółtka ubijamy razem z cukarmi aż powstanie nam puszysta biała masa. Następnie dodajemy nadal miksując porcjami ser, kolejnie: budyń, masło (jeżeli powstaną wam grutki to nie ma co się martwić, należy dłużej i staranniej miksować, po upieczeniu nie psuje to smaku ciasta :) ). W osobnej misce ubijamy białka i dodajemy je do serowej masy łącząc delikatnie oba te składniki aby nasz sernik był puszysty. Kiedy napowietrzymy masę białkami. Wylewamy masę na natłuszczona i wysypaną bulką tartą tortownicy i pieczemy w temperaturze 170*C przez 60 minut :)</span><br style="font-family: Georgia, Utopia, ''Palatino Linotype'', Palatino, serif; line-height: 21.7350006103516px; "><span style="font-family: Georgia, Utopia, ''Palatino Linotype'', Palatino, serif; line-height: 21.7350006103516px; ">Każdy sernik trochę opada, należy jednak nie otwierać zaraz po upieczeniu gwałtownie piekarnika , tylku uchylić na trochę, następnie wyjąć sernik.</span><br style="font-family: Georgia, Utopia, ''Palatino Linotype'', Palatino, serif; line-height: 21.7350006103516px; "><br style="font-family: Georgia, Utopia, ''Palatino Linotype'', Palatino, serif; line-height: 21.7350006103516px; "></p><div class="separator" style="font-family: Georgia, Utopia, ''Palatino Linotype'', Palatino, serif; line-height: 21.7350006103516px; clear: both; text-align: center; "><a href="http://2.bp.blogspot.com/-UGCHA0f5C7g/VBW803Pl3HI/AAAAAAAACqM/OPTqYdE7vR0/s1600/IMG_0428.JPG" imageanchor="1" style="color: rgb(170, 0, 51); margin-left: 1em; margin-right: 1em;"><img border="0" src="http://2.bp.blogspot.com/-UGCHA0f5C7g/VBW803Pl3HI/AAAAAAAACqM/OPTqYdE7vR0/s1600/IMG_0428.JPG" height="426" width="640" style="border-style: none; position: relative; padding: 8px; -webkit-box-shadow: rgba(0, 0, 0, 0.498039) 1px 1px 5px; box-shadow: rgba(0, 0, 0, 0.498039) 1px 1px 5px; background: rgb(255, 255, 255);"></a></div><div class="separator" style="font-family: Georgia, Utopia, ''Palatino Linotype'', Palatino, serif; line-height: 21.7350006103516px; clear: both; text-align: center; "><br></div><div class="separator" style="font-family: Georgia, Utopia, ''Palatino Linotype'', Palatino, serif; line-height: 21.7350006103516px; clear: both; text-align: center; ">Smacznego ^^</div>', '2014-11-27 00:00:01', '2014-11-27 00:00:00', 0, 0),
(8, 'Ciasta', 'Kamila Łucyk', 1, 'Szybkie ciasto z truskawkami', '<div class="separator" style="font-family: Georgia, Utopia, ''Palatino Linotype'', Palatino, serif; line-height: 21.7350006103516px; clear: both; text-align: center; "><a href="http://2.bp.blogspot.com/-AKSIPXOWRQg/U8uscp0HFDI/AAAAAAAACnw/tYJN3cPUOog/s1600/IMG_0076.JPG" imageanchor="1" style="color: rgb(170, 0, 51); margin-left: 1em; margin-right: 1em;"><img border="0" src="http://2.bp.blogspot.com/-AKSIPXOWRQg/U8uscp0HFDI/AAAAAAAACnw/tYJN3cPUOog/s1600/IMG_0076.JPG" style="border-style: none; position: relative; padding: 8px; -webkit-box-shadow: rgba(0, 0, 0, 0.498039) 1px 1px 5px; box-shadow: rgba(0, 0, 0, 0.498039) 1px 1px 5px; background: rgb(255, 255, 255);"></a></div><p><b style="font-family: Georgia, Utopia, ''Palatino Linotype'', Palatino, serif; line-height: 21.7350006103516px; "><br></b><span style="font-family: Georgia, Utopia, ''Palatino Linotype'', Palatino, serif; line-height: 21.7350006103516px; "></span><b style="font-family: Georgia, Utopia, ''Palatino Linotype'', Palatino, serif; line-height: 21.7350006103516px; "><br></b><span style="font-family: Georgia, Utopia, ''Palatino Linotype'', Palatino, serif; line-height: 21.7350006103516px; "></span><span style="font-family: Georgia, Utopia, ''Palatino Linotype'', Palatino, serif; line-height: 21.7350006103516px;"><b style="line-height: 21.7350006103516px;">Składniki:</b></span><br style="font-family: Georgia, Utopia, ''Palatino Linotype'', Palatino, serif; line-height: 21.7350006103516px; "></p><div class="separator" style="font-family: Georgia, Utopia, ''Palatino Linotype'', Palatino, serif; line-height: 21.7350006103516px; clear: both; text-align: center; "><span style="background-color: white;"><br></span></div><ul style="padding: 0px 2.5em; margin: 0.5em 0px; line-height: 1.4; list-style-position: initial; list-style-image: initial; font-family: Georgia, Utopia, ''Palatino Linotype'', Palatino, serif; "><li style="padding: 0px; margin: 0px 0px 0.25em; border: none;"><span style="background-color: white;">4 jajka</span></li><li style="padding: 0px; margin: 0px 0px 0.25em; border: none;"><span style="background-color: white;">1 szklanka cukru ( jak ktoś nie lubi strasznie słodkich ciast niech da mniej niż szklankę)</span></li><li style="padding: 0px; margin: 0px 0px 0.25em; border: none;"><span style="background-color: white;">1,5 szklanki mąki</span></li><li style="padding: 0px; margin: 0px 0px 0.25em; border: none;"><span style="background-color: white;">2 łyżeczki proszku do pieczenia</span></li><li style="padding: 0px; margin: 0px 0px 0.25em; border: none;"><span style="background-color: white;">0,5 szklanki oleju</span></li><li style="padding: 0px; margin: 0px 0px 0.25em; border: none;"><span style="background-color: white;">cukier waniliowy</span></li><li style="padding: 0px; margin: 0px 0px 0.25em; border: none;"><span style="background-color: white;">około 1 kg truskawek</span></li><li style="padding: 0px; margin: 0px 0px 0.25em; border: none;"><span style="background-color: white;">cukier puder do posypania</span></li><li style="padding: 0px; margin: 0px 0px 0.25em; border: none;"><span style="background-color: white;">tłuszcz do wysmarowania formy</span></li></ul><div style="font-family: Georgia, Utopia, ''Palatino Linotype'', Palatino, serif; line-height: 21.7350006103516px; "><span style="background-color: white;"><br></span></div><div style="font-family: Georgia, Utopia, ''Palatino Linotype'', Palatino, serif; line-height: 21.7350006103516px; "><span style="background-color: white;"><b>Wykonanie</b>: Jest bardzo proste i wręcz mechaniczne ponieważ wszystko będziemy miksować. Najpierw ubijamy jajka i dodajemy: cukry i ubijamy, dodajemy mąkę z proszkiem do pieczenia i dalej ubijamy, dodajemy olej i ubijamy. Obrane wcześniej truskawki i umyte wrzucamy do ciasta. Wszystko razem mieszamy i wylewamy tak jak ja do tortownicy albo na blachę ( tą mniejszą, kwadratową) oczywiście pamiętając aby ją wysmarować tłuszczem. Pieczemy od 35-45 minut w temp. 180*C</span></div><div style="font-family: Georgia, Utopia, ''Palatino Linotype'', Palatino, serif; line-height: 21.7350006103516px; "><span style="background-color: white;"><br></span></div><div class="separator" style="font-family: Georgia, Utopia, ''Palatino Linotype'', Palatino, serif; line-height: 21.7350006103516px; clear: both; text-align: center; "><a href="http://2.bp.blogspot.com/-wtehCTWUtWs/U8utDCtZg1I/AAAAAAAACn4/A0HVFsmRBZ8/s1600/IMG_0077.JPG" imageanchor="1" style="color: rgb(170, 0, 51); margin-left: 1em; margin-right: 1em;"><img border="0" src="http://2.bp.blogspot.com/-wtehCTWUtWs/U8utDCtZg1I/AAAAAAAACn4/A0HVFsmRBZ8/s1600/IMG_0077.JPG" height="426" width="640" style="border-style: none; position: relative; padding: 8px; -webkit-box-shadow: rgba(0, 0, 0, 0.498039) 1px 1px 5px; box-shadow: rgba(0, 0, 0, 0.498039) 1px 1px 5px; background: rgb(255, 255, 255);"></a></div><div class="separator" style="font-family: Georgia, Utopia, ''Palatino Linotype'', Palatino, serif; line-height: 21.7350006103516px; clear: both; text-align: center; "><br></div><div class="separator" style="font-family: Georgia, Utopia, ''Palatino Linotype'', Palatino, serif; line-height: 21.7350006103516px; clear: both; text-align: center; ">Niedługo więcej przepisów :D po nieco długiej przerwie :)</div><div class="separator" style="font-family: Georgia, Utopia, ''Palatino Linotype'', Palatino, serif; line-height: 21.7350006103516px; clear: both; text-align: center; "><br></div><div class="separator" style="font-family: Georgia, Utopia, ''Palatino Linotype'', Palatino, serif; line-height: 21.7350006103516px; clear: both; text-align: center; ">Nie miałam czasu ponieważ byłam w trakcie przygotowywania się do obrony Mgr :D (zdane na 5 xD) , mam do dodania dużą ilość przepisów i do wysłania zaległą paczkę z candy gdzie dziewczyna mnie chyba niedługo udusi za tak długi czas oczekiwania, mam nadzieję ,że rekompensata ją zadowoli ;)</div>', '2014-11-26 00:00:00', '2014-11-27 12:13:00', 1, 22),
(9, 'Pizza', 'Kamila Łucyk', 1, 'Bardzo szybka i smaczna pizza', '<div class="separator" style="font-family: Georgia, Utopia, ''Palatino Linotype'', Palatino, serif; line-height: 21.7350006103516px; clear: both; text-align: center; "><a href="http://2.bp.blogspot.com/-seZmz8I7Obo/U0GHWevkz1I/AAAAAAAAClc/6aSGfP1wHaQ/s1600/IMG_0019.JPG" imageanchor="1" style="color: rgb(170, 0, 51); margin-left: 1em; margin-right: 1em;"><img border="0" src="http://2.bp.blogspot.com/-seZmz8I7Obo/U0GHWevkz1I/AAAAAAAAClc/6aSGfP1wHaQ/s1600/IMG_0019.JPG" height="425" width="640" style="border-style: none; position: relative; padding: 8px; -webkit-box-shadow: rgba(0, 0, 0, 0.498039) 1px 1px 5px; box-shadow: rgba(0, 0, 0, 0.498039) 1px 1px 5px; background: rgb(255, 255, 255);"></a>Nie ma to jak domowa pizza :)</div><div class="separator" style="font-family: Georgia, Utopia, ''Palatino Linotype'', Palatino, serif; line-height: 21.7350006103516px; clear: both; text-align: center; ">Przepis znalazłam w internecie i jest to najszybsza pizza do zrobienia jaką znam.</div><div class="separator" style="font-family: Georgia, Utopia, ''Palatino Linotype'', Palatino, serif; line-height: 21.7350006103516px; clear: both; text-align: center; ">Ciasta starcza na dwie pizzy o średnicy 33 cm</div><div class="separator" style="font-family: Georgia, Utopia, ''Palatino Linotype'', Palatino, serif; line-height: 21.7350006103516px; clear: both; text-align: center; "><b><br></b></div><div class="separator" style="font-family: Georgia, Utopia, ''Palatino Linotype'', Palatino, serif; line-height: 21.7350006103516px; clear: both; text-align: center; "><b>Składniki:</b></div><div class="separator" style="font-family: Georgia, Utopia, ''Palatino Linotype'', Palatino, serif; line-height: 21.7350006103516px; clear: both; text-align: center; "><br></div><div class="separator" style="font-family: Georgia, Utopia, ''Palatino Linotype'', Palatino, serif; line-height: 21.7350006103516px; clear: both; text-align: center; "></div><ul style="padding: 0px 2.5em; margin: 0.5em 0px; line-height: 1.4; list-style-position: initial; list-style-image: initial; font-family: Georgia, Utopia, ''Palatino Linotype'', Palatino, serif; "><li style="padding: 0px; margin: 0px 0px 0.25em; border: none; text-align: left;">250 ml wody</li><li style="padding: 0px; margin: 0px 0px 0.25em; border: none; text-align: left;">500 g mąki pszennej</li><li style="padding: 0px; margin: 0px 0px 0.25em; border: none; text-align: left;">40 g świeżych drożdży</li><li style="padding: 0px; margin: 0px 0px 0.25em; border: none; text-align: left;">1 łyżeczka soli</li><li style="padding: 0px; margin: 0px 0px 0.25em; border: none; text-align: left;">1 łyżeczka cukru</li><li style="padding: 0px; margin: 0px 0px 0.25em; border: none; text-align: left;">2 łyżki oleju</li><li style="padding: 0px; margin: 0px 0px 0.25em; border: none; text-align: left;">Przecier pomidorowy (mały słoiczek)</li><li style="padding: 0px; margin: 0px 0px 0.25em; border: none; text-align: left;">Ulubiony ser ( najlepiej mozzarella )</li><li style="padding: 0px; margin: 0px 0px 0.25em; border: none; text-align: left;">Dodatki do pizzy ( ja dodałam pieczarki, szynka, kukurydza )</li><li style="padding: 0px; margin: 0px 0px 0.25em; border: none; text-align: left;">Przyprawa do pizzy ( bądź oregano, bazylia)</li></ul><div style="font-family: Georgia, Utopia, ''Palatino Linotype'', Palatino, serif; line-height: 21.7350006103516px; "><br></div><div style="font-family: Georgia, Utopia, ''Palatino Linotype'', Palatino, serif; line-height: 21.7350006103516px; "><b>Wykonanie:&nbsp;</b></div><div style="font-family: Georgia, Utopia, ''Palatino Linotype'', Palatino, serif; line-height: 21.7350006103516px; "><b><br></b></div><div style="font-family: Georgia, Utopia, ''Palatino Linotype'', Palatino, serif; line-height: 21.7350006103516px; ">Drożdże kruszymy, dodajemy około 3 łyżki mąki i łyżeczkę cukru i wodę. Odstawiamy ciasto na 15 minut w ciepłe miejsce do wyrośnięcia.&nbsp;</div><div style="font-family: Georgia, Utopia, ''Palatino Linotype'', Palatino, serif; line-height: 21.7350006103516px; ">Do zaczynu dodajemy resztę mąki, sól i olej. Wyrabiamy ciasto, odstawiamy i przygotowujemy dodatki.</div><div style="font-family: Georgia, Utopia, ''Palatino Linotype'', Palatino, serif; line-height: 21.7350006103516px; ">Przecier pomidorowy zagotowujemy razem z niepełną szklanką wody mieszając przez około minuty.</div><div style="font-family: Georgia, Utopia, ''Palatino Linotype'', Palatino, serif; line-height: 21.7350006103516px; ">Ciasto dzielimy na dwie części i najpierw rozwałkujemy pierwszy placek. Smarujemy go rozcieńczonym sosem pomidorowym. Posypujemy przyprawami, wykładamy dodatki, posypujemy zdartym serem i wsadzamy na 15-20 minut do nagrzanego piekarnika 220*C &nbsp;jeżeli na wierzchu będzie za dużo "soków" z dodatków polecam w ostatnich 5 minutach włączyć termoobieg :)</div><div style="font-family: Georgia, Utopia, ''Palatino Linotype'', Palatino, serif; line-height: 21.7350006103516px; "><br></div><div class="separator" style="font-family: Georgia, Utopia, ''Palatino Linotype'', Palatino, serif; line-height: 21.7350006103516px; clear: both; text-align: center; "><a href="http://3.bp.blogspot.com/-H0E_yns588Y/U0GKmPkNSXI/AAAAAAAAClo/7Bnc3Y-cmlU/s1600/page.jpg" imageanchor="1" style="color: rgb(170, 0, 51); margin-left: 1em; margin-right: 1em;"><img border="0" src="http://3.bp.blogspot.com/-H0E_yns588Y/U0GKmPkNSXI/AAAAAAAAClo/7Bnc3Y-cmlU/s1600/page.jpg" height="640" width="640" style="border-style: none; position: relative; padding: 8px; -webkit-box-shadow: rgba(0, 0, 0, 0.498039) 1px 1px 5px; box-shadow: rgba(0, 0, 0, 0.498039) 1px 1px 5px; background: rgb(255, 255, 255);"></a></div><div style="font-family: Georgia, Utopia, ''Palatino Linotype'', Palatino, serif; line-height: 21.7350006103516px; "><br></div><div style="font-family: Georgia, Utopia, ''Palatino Linotype'', Palatino, serif; line-height: 21.7350006103516px; ">Miał być gif ale czasu brak na tworzenie :)</div><div style="font-family: Georgia, Utopia, ''Palatino Linotype'', Palatino, serif; line-height: 21.7350006103516px; "><br></div><div class="separator" style="font-family: Georgia, Utopia, ''Palatino Linotype'', Palatino, serif; line-height: 21.7350006103516px; clear: both; text-align: center; "><a href="http://1.bp.blogspot.com/-ZYkQwCt0TUE/U0GKwRtE4_I/AAAAAAAAClw/AoUfkt5vkjI/s1600/IMG_0021.JPG" imageanchor="1" style="color: rgb(170, 0, 51); margin-left: 1em; margin-right: 1em;"><img border="0" src="http://1.bp.blogspot.com/-ZYkQwCt0TUE/U0GKwRtE4_I/AAAAAAAAClw/AoUfkt5vkjI/s1600/IMG_0021.JPG" height="426" width="640" style="border-style: none; position: relative; padding: 8px; -webkit-box-shadow: rgba(0, 0, 0, 0.498039) 1px 1px 5px; box-shadow: rgba(0, 0, 0, 0.498039) 1px 1px 5px; background: rgb(255, 255, 255);"></a></div><div class="separator" style="font-family: Georgia, Utopia, ''Palatino Linotype'', Palatino, serif; line-height: 21.7350006103516px; clear: both; text-align: center; "><br></div><div class="separator" style="font-family: Georgia, Utopia, ''Palatino Linotype'', Palatino, serif; line-height: 21.7350006103516px; clear: both; text-align: center; "><br></div><div class="separator" style="font-family: Georgia, Utopia, ''Palatino Linotype'', Palatino, serif; line-height: 21.7350006103516px; clear: both; text-align: center; ">Zdjęcia ponownie nie rewelacyjne ponieważ pizza bardzo szybko znikała i nie było czasu na zdjęcia</div><div class="separator" style="font-family: Georgia, Utopia, ''Palatino Linotype'', Palatino, serif; line-height: 21.7350006103516px; clear: both; text-align: center; "><br></div><div class="separator" style="font-family: Georgia, Utopia, ''Palatino Linotype'', Palatino, serif; line-height: 21.7350006103516px; clear: both; text-align: center; ">Polecam ten przepis bo jest prosty, dobry i wychodzi każdemu :)</div>', '2014-11-26 04:24:08', '2014-11-27 02:00:00', 1, 12),
(10, 'Naleśniki', 'Kamila Łucyk', 1, 'Żółte naleśniki ze smażonymi jabłkami', '<div class="separator" style="font-family: Georgia, Utopia, ''Palatino Linotype'', Palatino, serif; line-height: 21.7350006103516px; clear: both; text-align: center;"><span style="background-color: rgb(255, 255, 255);"><a href="http://4.bp.blogspot.com/-hDc1IeJgmc4/UvZdAQST2sI/AAAAAAAACg0/4aiGZTZKlvg/s1600/IMG_0003.JPG" imageanchor="1" style="color: rgb(170, 0, 51); margin-left: 1em; margin-right: 1em;"><img border="0" src="http://4.bp.blogspot.com/-hDc1IeJgmc4/UvZdAQST2sI/AAAAAAAACg0/4aiGZTZKlvg/s1600/IMG_0003.JPG" height="424" width="640" style="border-style: none; position: relative; padding: 8px; -webkit-box-shadow: rgba(0, 0, 0, 0.498039) 1px 1px 5px; box-shadow: rgba(0, 0, 0, 0.498039) 1px 1px 5px; background-image: initial; background-attachment: initial; background-size: initial; background-origin: initial; background-clip: initial; background-position: initial; background-repeat: initial;"></a>&nbsp;</span></div><div class="separator" style="font-family: Georgia, Utopia, ''Palatino Linotype'', Palatino, serif; line-height: 21.7350006103516px; clear: both; text-align: center;"><span style="background-color: rgb(255, 255, 255);"><br></span></div><div class="separator" style="font-family: Georgia, Utopia, ''Palatino Linotype'', Palatino, serif; line-height: 21.7350006103516px; clear: both; text-align: center;"><span style="background-color: rgb(255, 255, 255);">Zdjęcie może nie jest najlepsze ale byłam już tak głodna ,że nie chciałam dłużej czekać tylko pochłonąć naleśnika...</span></div><div class="separator" style="font-family: Georgia, Utopia, ''Palatino Linotype'', Palatino, serif; line-height: 21.7350006103516px; clear: both; text-align: center;"><span style="background-color: rgb(255, 255, 255);">Są to naleśniki z smażonymi jabłkami po dłużej przeróbce :) nie lubię rodzynek więc ich nie dałam ale za to dodałam inne składniki: Tak więc ...</span></div><div class="separator" style="font-family: Georgia, Utopia, ''Palatino Linotype'', Palatino, serif; line-height: 21.7350006103516px; clear: both; text-align: center;"><span style="background-color: rgb(255, 255, 255);"><br></span></div><div class="separator" style="font-family: Georgia, Utopia, ''Palatino Linotype'', Palatino, serif; line-height: 21.7350006103516px; clear: both; text-align: center;"><b style="background-color: rgb(255, 255, 255);">Składniki:</b></div><div class="separator" style="font-family: Georgia, Utopia, ''Palatino Linotype'', Palatino, serif; line-height: 21.7350006103516px; clear: both; text-align: center;"><span style="background-color: rgb(255, 255, 255);"><br></span></div><div class="separator" style="font-family: Georgia, Utopia, ''Palatino Linotype'', Palatino, serif; line-height: 21.7350006103516px; clear: both;"><b style="background-color: rgb(255, 255, 255);">Ciasto:</b></div><div class="separator" style="font-family: Georgia, Utopia, ''Palatino Linotype'', Palatino, serif; line-height: 21.7350006103516px; clear: both; text-align: center;"></div><ul style="padding: 0px 2.5em; margin: 0.5em 0px; line-height: 1.4; list-style-position: initial; list-style-image: initial; font-family: Georgia, Utopia, ''Palatino Linotype'', Palatino, serif;"><li style="padding: 0px; margin: 0px 0px 0.25em; border: none; text-align: left;"><span style="background-color: rgb(255, 255, 255);">220 g -250 g mąki pszennej</span></li><li style="padding: 0px; margin: 0px 0px 0.25em; border: none; text-align: left;"><span style="background-color: rgb(255, 255, 255);">1 szklanka mleka</span></li><li style="padding: 0px; margin: 0px 0px 0.25em; border: none; text-align: left;"><span style="background-color: rgb(255, 255, 255);">1 szklanka wody gazowanej</span></li><li style="padding: 0px; margin: 0px 0px 0.25em; border: none; text-align: left;"><span style="background-color: rgb(255, 255, 255);">1 jajko</span></li><li style="padding: 0px; margin: 0px 0px 0.25em; border: none; text-align: left;"><span style="background-color: rgb(255, 255, 255);">1/3 łyżeczki proszku do pieczenia</span></li><li style="padding: 0px; margin: 0px 0px 0.25em; border: none; text-align: left;"><span style="background-color: rgb(255, 255, 255);">1/2 płaskiej łyżeczki kurkumy</span></li><li style="padding: 0px; margin: 0px 0px 0.25em; border: none; text-align: left;"><span style="background-color: rgb(255, 255, 255);">około 3 łyżek oleju</span></li></ul><div style="font-family: Georgia, Utopia, ''Palatino Linotype'', Palatino, serif; line-height: 21.7350006103516px;"><b style="background-color: rgb(255, 255, 255);">Nadzienie:</b></div><div style="font-family: Georgia, Utopia, ''Palatino Linotype'', Palatino, serif; line-height: 21.7350006103516px;"><span style="background-color: rgb(255, 255, 255);"><br></span></div><div style="font-family: Georgia, Utopia, ''Palatino Linotype'', Palatino, serif; line-height: 21.7350006103516px;"><ul style="padding: 0px 2.5em; margin: 0.5em 0px; line-height: 1.4; list-style-position: initial; list-style-image: initial;"><li style="padding: 0px; margin: 0px 0px 0.25em; border: none; text-align: left;"><span style="background-color: rgb(255, 255, 255);">1 kg jabłek</span></li><li style="padding: 0px; margin: 0px 0px 0.25em; border: none; text-align: left;"><span style="background-color: rgb(255, 255, 255);">1 cukier waniliowy</span></li><li style="padding: 0px; margin: 0px 0px 0.25em; border: none; text-align: left;"><span style="background-color: rgb(255, 255, 255);">2-4 łyżeczek cukru</span></li><li style="padding: 0px; margin: 0px 0px 0.25em; border: none; text-align: left;"><span style="background-color: rgb(255, 255, 255);">2 łyżeczki cynamonu</span></li><li style="padding: 0px; margin: 0px 0px 0.25em; border: none; text-align: left;"><span style="background-color: rgb(255, 255, 255);">opcjonalnie rodzynki jak ktoś lubi ;)</span></li></ul><div><b style="background-color: rgb(255, 255, 255);">Dodatkowo:</b></div><div><ul style="padding: 0px 2.5em; margin: 0.5em 0px; line-height: 1.4; list-style-position: initial; list-style-image: initial;"><li style="padding: 0px; margin: 0px 0px 0.25em; border: none;"><span style="background-color: rgb(255, 255, 255);">cukier puder</span></li></ul></div><div><span style="background-color: rgb(255, 255, 255);"><br></span></div></div><div style="font-family: Georgia, Utopia, ''Palatino Linotype'', Palatino, serif; line-height: 21.7350006103516px;"><span style="background-color: rgb(255, 255, 255);"><b>Wykonanie: &nbsp;</b>Całą zabawę zaczynamy od zrobienia ciasta na naleśniki. Wszystkie składniki podane do zrobienia ciasta dodajemy do siebie i miksujemy bądź też roztrzepujemy trzepaczką , chodź uważam ,że mikser jest niezawodny. Ważne aby nie dać za dużo kurkumy bo nasze naleśniki będą za żółte :) chodź moje już są mocno kolorowe.&nbsp;</span></div><div style="font-family: Georgia, Utopia, ''Palatino Linotype'', Palatino, serif; line-height: 21.7350006103516px;"><span style="background-color: rgb(255, 255, 255);"><br></span></div><div style="font-family: Georgia, Utopia, ''Palatino Linotype'', Palatino, serif; line-height: 21.7350006103516px;"><span style="background-color: rgb(255, 255, 255);">Jabłka obieramy i kroimy w kostkę. Wrzucamy do garnka postawionego na małym ogniu i dodajemy resztę składników do nadzienia. Ja nie dodaje więcej cukru aby moje naleśniki nie były za słodkie ale jeżeli macie kwaśne jabłka bądź lubicie mocną słodycz można dodać więcej cukru. Pamiętajcie ,że jak dajecie rodzynki one też są już słodkie.</span></div><div style="font-family: Georgia, Utopia, ''Palatino Linotype'', Palatino, serif; line-height: 21.7350006103516px;"><span style="background-color: rgb(255, 255, 255);">Nadzienie smażymy na małym ogniu mieszając od czasu do czasu przez około 10 minut. Jabłka muszą mieć konsystencje lekko miękkawą, lecz nie za bardzo bo ciapy nie chcemy ;)</span></div><div style="font-family: Georgia, Utopia, ''Palatino Linotype'', Palatino, serif; line-height: 21.7350006103516px;"><span style="background-color: rgb(255, 255, 255);"><br></span></div><div style="font-family: Georgia, Utopia, ''Palatino Linotype'', Palatino, serif; line-height: 21.7350006103516px;"><span style="background-color: rgb(255, 255, 255);">Wylewamy ciasto naleśnikowe na patelnie, smażymy z jednej strony , przewracamy. wykładamy na połowę ciasta nasze nadzienie, przykrywamy nieposmarowanym kawałkiem placka na pół i gotowe :)</span></div><div style="font-family: Georgia, Utopia, ''Palatino Linotype'', Palatino, serif; line-height: 21.7350006103516px;"><span style="background-color: rgb(255, 255, 255);"><br></span></div><div style="font-family: Georgia, Utopia, ''Palatino Linotype'', Palatino, serif; line-height: 21.7350006103516px;"><span style="background-color: rgb(255, 255, 255);">Jeszcze cukier puder i szybki tani deser gotowy :)</span></div><p><span style="background-color: rgb(255, 255, 255);"><br style="font-family: Georgia, Utopia, ''Palatino Linotype'', Palatino, serif; line-height: 21.7350006103516px;"><br style="font-family: Georgia, Utopia, ''Palatino Linotype'', Palatino, serif; line-height: 21.7350006103516px;"></span></p><div class="separator" style="font-family: Georgia, Utopia, ''Palatino Linotype'', Palatino, serif; line-height: 21.7350006103516px; clear: both; text-align: center;"><a href="http://1.bp.blogspot.com/-2pDkoTlPhqY/UvZdBn_Ug6I/AAAAAAAACg8/3gr8_CZ9Nc0/s1600/IMG_0005.JPG" imageanchor="1" style="color: rgb(170, 0, 51); margin-left: 1em; margin-right: 1em; background-color: rgb(255, 255, 255);"><img border="0" src="http://1.bp.blogspot.com/-2pDkoTlPhqY/UvZdBn_Ug6I/AAAAAAAACg8/3gr8_CZ9Nc0/s1600/IMG_0005.JPG" height="424" width="640" style="border-style: none; position: relative; padding: 8px; -webkit-box-shadow: rgba(0, 0, 0, 0.498039) 1px 1px 5px; box-shadow: rgba(0, 0, 0, 0.498039) 1px 1px 5px; background-image: initial; background-attachment: initial; background-size: initial; background-origin: initial; background-clip: initial; background-position: initial; background-repeat: initial;"></a></div><div class="separator" style="font-family: Georgia, Utopia, ''Palatino Linotype'', Palatino, serif; line-height: 21.7350006103516px; clear: both; text-align: center;"><span style="background-color: rgb(255, 255, 255);"><br></span></div><div class="separator" style="font-family: Georgia, Utopia, ''Palatino Linotype'', Palatino, serif; line-height: 21.7350006103516px; clear: both; text-align: center;"><span style="background-color: rgb(255, 255, 255);"><br></span></div><div class="separator" style="font-family: Georgia, Utopia, ''Palatino Linotype'', Palatino, serif; line-height: 21.7350006103516px; clear: both; text-align: center;"><span style="background-color: rgb(255, 255, 255);">I tak oto po zjedzeniu trzech naleśników idę pisać dalej moją pracę Mgr :P bo tylko z pełnym brzuchem jestem w &nbsp;stanie pisać&nbsp;</span></div><div class="separator" style="font-family: Georgia, Utopia, ''Palatino Linotype'', Palatino, serif; line-height: 21.7350006103516px; clear: both; text-align: center;"><span style="background-color: rgb(255, 255, 255);"><br></span></div><div class="separator" style="font-family: Georgia, Utopia, ''Palatino Linotype'', Palatino, serif; line-height: 21.7350006103516px; clear: both; text-align: center;"><span style="background-color: rgb(255, 255, 255);">Pozdrawiam...</span></div>', '2014-12-01 00:00:00', '2014-12-01 00:00:00', 0, 442);

-- --------------------------------------------------------

--
-- Struktura tabeli dla tabeli `setings`
--

DROP TABLE IF EXISTS `setings`;
CREATE TABLE IF NOT EXISTS `setings` (
  `id` int(10) NOT NULL AUTO_INCREMENT,
  `user_id` bigint(11) NOT NULL,
  `type` varchar(20) COLLATE utf8_polish_ci NOT NULL,
  `active` tinyint(1) NOT NULL DEFAULT '1',
  `data` text COLLATE utf8_polish_ci NOT NULL,
  PRIMARY KEY (`id`),
  KEY `user_id` (`user_id`)
) ENGINE=InnoDB  DEFAULT CHARSET=utf8 COLLATE=utf8_polish_ci AUTO_INCREMENT=4 ;

--
-- Zrzut danych tabeli `setings`
--

INSERT INTO `setings` (`id`, `user_id`, `type`, `active`, `data`) VALUES
(2, 1, 'about', 1, 'Tekst o sobie. Jeżeli w ustawieniach jest zazaczone "Nie pokazuj", wtedy ta informacja nie będzie wyświetlana, długość tej wiadomości może być nie ograniczona, dlatego też została dodana osobna strona z wiadomością "O Mnie". Możliwość napisania bloga ze zdjęciami na swój temat :)'),
(3, 1, 'title', 1, 'W Moim Magicznym Domu');

-- --------------------------------------------------------

--
-- Struktura tabeli dla tabeli `tags`
--

DROP TABLE IF EXISTS `tags`;
CREATE TABLE IF NOT EXISTS `tags` (
  `id` bigint(11) NOT NULL AUTO_INCREMENT,
  `id_recipe` bigint(11) NOT NULL,
  `autor_id` bigint(11) NOT NULL,
  `tags` longtext COLLATE utf8_polish_ci NOT NULL,
  PRIMARY KEY (`id`,`id_recipe`),
  KEY `id_recipe` (`id_recipe`),
  KEY `autor_id` (`autor_id`)
) ENGINE=InnoDB  DEFAULT CHARSET=utf8 COLLATE=utf8_polish_ci AUTO_INCREMENT=9 ;

--
-- Zrzut danych tabeli `tags`
--

INSERT INTO `tags` (`id`, `id_recipe`, `autor_id`, `tags`) VALUES
(1, 1, 1, '["Ciasta", "cynamon"," jabłka" , "kruche ciasto"," Pianka"]'),
(3, 6, 1, '["Biały ser", "Sernik"]'),
(5, 8, 1, '["Ciasta", "Szybko i Tanio"," Truskawki"]'),
(6, 3, 1, '["śniadania"," przekąski"]'),
(7, 10, 1, '["jabłka", "Naleśniki", "Szybko i Tanio"]'),
(8, 9, 1, '["Pizza"]');

-- --------------------------------------------------------

--
-- Struktura tabeli dla tabeli `user`
--

DROP TABLE IF EXISTS `user`;
CREATE TABLE IF NOT EXISTS `user` (
  `id` bigint(11) NOT NULL AUTO_INCREMENT,
  `created` datetime NOT NULL,
  `updated` datetime NOT NULL,
  `active` int(11) NOT NULL,
  `name` varchar(50) COLLATE utf8_polish_ci NOT NULL,
  `password` varchar(50) COLLATE utf8_polish_ci NOT NULL,
  `email` varchar(50) COLLATE utf8_polish_ci NOT NULL,
  PRIMARY KEY (`id`),
  KEY `id` (`id`),
  KEY `name` (`name`)
) ENGINE=InnoDB  DEFAULT CHARSET=utf8 COLLATE=utf8_polish_ci AUTO_INCREMENT=2 ;

--
-- Zrzut danych tabeli `user`
--

INSERT INTO `user` (`id`, `created`, `updated`, `active`, `name`, `password`, `email`) VALUES
(1, '2014-11-10 00:00:00', '2014-11-10 00:00:00', 1, 'Kamila Łucyk', '07b4d5416b25a7ac291daacaa18409a4b27f6375', 'kamira90@gmail.com');

--
-- Ograniczenia dla zrzutów tabel
--

--
-- Ograniczenia dla tabeli `comments`
--
ALTER TABLE `comments`
  ADD CONSTRAINT `comments_ibfk_1` FOREIGN KEY (`id_recipe`) REFERENCES `recipe` (`id`);

--
-- Ograniczenia dla tabeli `recipe`
--
ALTER TABLE `recipe`
  ADD CONSTRAINT `recipe_ibfk_1` FOREIGN KEY (`autor`) REFERENCES `user` (`name`),
  ADD CONSTRAINT `recipe_ibfk_2` FOREIGN KEY (`autor_id`) REFERENCES `user` (`id`);

--
-- Ograniczenia dla tabeli `setings`
--
ALTER TABLE `setings`
  ADD CONSTRAINT `setings_ibfk_1` FOREIGN KEY (`user_id`) REFERENCES `user` (`id`);

--
-- Ograniczenia dla tabeli `tags`
--
ALTER TABLE `tags`
  ADD CONSTRAINT `tags_ibfk_1` FOREIGN KEY (`id_recipe`) REFERENCES `recipe` (`id`),
  ADD CONSTRAINT `tags_ibfk_2` FOREIGN KEY (`autor_id`) REFERENCES `user` (`id`);

/*!40101 SET CHARACTER_SET_CLIENT=@OLD_CHARACTER_SET_CLIENT */;
/*!40101 SET CHARACTER_SET_RESULTS=@OLD_CHARACTER_SET_RESULTS */;
/*!40101 SET COLLATION_CONNECTION=@OLD_COLLATION_CONNECTION */;
